"double_hashedid","Deep Processing","Motivations","Testing Strategies","Time Management","Cognitive Strategies","Visit Frequency","Visit Depth","Concentration of Effort"
"+2JUAwiJZejj4kv56NOvzg==",0.766147451481439,0.927598317167794,-0.160436169461265,0.127377618181907,1.07536518786158,NA,NA,NA
"07SsPWz7rmaYb9pU+a0U2g==",-0.581765589889449,-1.56326649698808,-0.494845939554508,-1.38519857399545,0.128174111639209,1.74482142302463,0.507209930715913,0.755235166557091
"0aFy3fgs74Lu9Wm/37DFTA==",-0.408005816041042,0.117004740614751,-0.6031618245653,1.24362572395608,-0.0380941101763312,0.833696245686349,-0.698416995185506,-0.339972796542037
"0LBTt97cTV0hU0YlwNtZmQ==",-0.0820464332321271,-1.082057338976,-0.625371625461171,-0.715358155970093,-0.60660000691702,-0.242944921962514,-0.309571314837403,-0.501055640913894
"0MjrbkGWPsgrbdek/nCIDQ==",0.60760700626044,0.11144825691035,1.74100804872061,0.775594122156793,0.527458074070565,NA,NA,NA
"1073rclSVisVYZSc2H6PDA==",0.228675309342459,0.733215506329296,-0.0258204427204759,0.46522484249853,0.573092567175101,0.0635970605867979,0.842915327512009,0.00960690659965925
"1HiEXGjPJXL0Ylr0lMiQOw==",-0.174327810325019,0.339506336898842,0.512771869389688,0.346670427044354,0.371895220813007,0.1350876464621,-0.254284672371257,-0.790069765889273
"1SNf+x6OleuDgQbDOo3WdQ==",-0.706614418598863,0.295733728460899,-0.447180997146171,0.396720159760691,-0.202308324769092,NA,NA,NA
"1ZLWN1v6KIQmVSpHObCjdw==",0.959713020633926,0.972228976691927,-0.130743010627781,0.256215931887996,1.0863952784658,-0.276106764462834,-0.176498095451874,0.346159160171155
"2h5b0VA+nF16LYEoh4GXww==",0.428890103826712,1.48548099943184,0.018251166340915,0.0152804774862698,1.52251784608142,0.267153908097789,0.39774113246503,0.299645632498888
"2QTxe1x5D1YFjrrYLInS6Q==",-3.22926944640164,0.778470739487949,-1.26186495965257,-0.574664881525237,0.70194356499708,NA,NA,NA
"2ZKuGpZl25ku12Yl6Cg2hQ==",-0.00625429058142887,-1.25798082693468,0.984867688678841,1.29995635687879,0.429073139742589,0.935799852720039,-0.933625079699785,0.607394664567791
"33tUrq+ui+6El1ZPvz9B3g==",0.971516916993488,1.08086838880368,0.373651385774191,-0.0657928434311156,0.563576409292324,0.272513986290773,-0.466646964334555,0.279607190109439
"3BPbDoHR0YmoVULoUMT64g==",0.591581107245721,-0.402885163824246,-0.692484826397621,-0.186862299236172,0.506139241116184,NA,NA,NA
"4dpZUlDZzbwJFYItbgmwCg==",-0.232624485698055,0.209486429401241,1.26324605445614,-0.762069709179076,0.263309376932806,-0.8119785691518,-0.497055432729309,0.683159429356862
"4QzAhK1MBYWANQwIAJvlBg==",0.0271810998031412,1.01227133279675,3.38433549653201,0.392533730484978,0.0853507936127365,0.308576863161555,0.504112079483272,-0.329670021373821
"4V+LMy4M9ZIrzqNyTqfltQ==",0.547024639825879,-0.242089415518194,-0.283268711315332,-0.367634322352024,0.211533652440776,-1.11138253242032,-1.20574092442203,-0.0385096346462426
"4vdiG9rxSEAX1LfasiX1FQ==",0.771654110577809,1.25843704355948,0.111319070215676,0.37740503161848,0.783052655210895,1.01065313726604,-0.352137863292805,-1.4317724472658
"5AL8+A5wnjl6T1MD6q2PUA==",-0.367442738586962,-1.64131368497913,-0.899374041311345,-2.99891037923413,-4.18736435425796,-0.627843494427069,-0.579709833965008,0.462928558213996
"5eYDUVmujPQwbBpRL0NyxQ==",-2.40585649308191,-1.01682493943569,-2.43601207875904,-0.288055274273106,-1.87538569980654,NA,NA,NA
"5IHI4wuNJ/fHD4GkNuwWww==",0.387379555639594,-1.13738549589311,-0.62566580747272,-0.564814772042171,-0.29994155794986,1.33051619971298,-0.798630030352277,1.50590746724606
"6/urMDXZItXiDFoW89dEiA==",0.157530527541666,0.813818675496587,-0.268845161865744,-0.012694830998213,0.67722738045847,NA,NA,NA
"60DurD+AHvO0MN3cAvJh+A==",-2.79804818486137,1.60170476762812,0.33919646352149,0.42912596064174,-2.05497047270719,NA,NA,NA
"60fEWPWd57tg3ScvuTSixg==",0.398518178651302,1.06675311348883,0.843011652934736,0.918494711135912,-1.98585396687261,-0.419236420769291,0.450073693857388,-1.20420799932811
"6D25LMb7Nf6kfO/svwsp7A==",0.677077006066307,1.78560609526407,-1.06067725066715,-0.00228789724925894,0.993777486598768,0.249804238100261,-0.0754253756433172,-0.202148964462302
"73uD45IzPHAzq0vayVIifg==",0.406153788729637,-1.49195837651345,-0.676312242469549,0.565782583234886,0.242062388475015,-0.555902384909181,1.60254058413733,0.262274912743667
"78QPVFAi77qG1TFWXs658w==",0.271466619180335,1.20873581636076,0.562741070223441,1.31053613290492,0.676333571676261,NA,NA,NA
"8qv1XE5xom6gFHxO464piw==",-0.0163353631862911,-1.59578268217047,-1.29022312781759,-1.39739855542641,-0.818892869701735,0.77734523956714,3.04037893702836,0.446873092938323
"8uNAAdbYnfgK08txTNL6xw==",1.58517204772469,1.15939933606603,0.262253875448805,0.660145335283507,1.13650637535241,-0.0927686063124707,-0.700861873759051,-0.986285060258838
"97k6OH5L0r8dHk1kt0qP5A==",-0.368675134763222,0.470560109963184,-0.557606901558567,0.746144700545549,0.147305146462736,-0.503694639830349,1.00419620814446,-0.920626535874542
"9adDyrW21kFT0gMUum0GxA==",0.568204227410096,0.179554871826083,2.42616379183853,-0.503313792685002,-0.176830514897531,1.49116109665224,-0.75358598641959,0.787866841150177
"9ih6qXZ+XkPcSwg2PXJl/A==",1.05444374774531,-0.0450548231389159,-0.302260260026875,-0.287255190589236,0.822506739085703,NA,NA,NA
"9PtfcAPf/5T2rT/55hEr+w==",0.314454789521286,-0.143773345227736,0.164848383751406,-0.250507503242312,0.67603246695474,-0.288738709794818,-0.905927608923778,0.315063691094854
"9QpDJnATbb1VRsi5txrWuA==",-0.0768234825830037,0.622553734534151,0.406779045402941,0.632283769367199,-0.167901472308901,-0.405291745823691,0.233796693562218,-0.169747359315303
"9QYwujm30itRGuwDIAqqTg==",-1.7633978591794,-0.622519994304429,-0.842703489540404,0.723444815979262,-0.650909015967707,-0.174900910143559,3.52271963778583,-0.326498317814794
"9u3Wa3n8SPYplbhozTZthQ==",-0.195107429141026,1.17920060079046,0.66896168773762,0.65779644684165,0.479728893129979,NA,NA,NA
"9uNNxjd7yrXBpdbvfUiEbQ==",-1.38995713222502,-0.249508158160843,1.33133168987942,0.671053544939096,-0.654707947404058,0.314048991360572,-0.542830785916024,-0.377500128946112
"a5ug86GxMAVov/TC/wVVyg==",0.817997556382064,0.668665171251677,0.177746396802454,1.29706944376103,0.835238982441431,0.201716093377303,-0.569688917807996,-0.371154637350422
"aan1sHC0+K1BEpkOfllDdw==",0.209814102386051,-0.393133923045738,-1.18191154553566,-0.225514391906921,-3.0938823581751,NA,NA,NA
"AgjnClRKHptn2zQYcRLrag==",0.915919078936008,0.232280890840182,0.131227411068587,-0.338697156066431,0.79623438992029,-0.292951728607937,-1.02007590641523,-0.0488897864093204
"aTG8w3iO2NcV8AK+XTB+tw==",-0.0795718609080878,0.250746150787754,-0.420461945743204,-0.126472844731648,0.767228999302305,-0.643196910423666,-0.968010778632458,0.00546732952842212
"AVmaoayDQAGBDPJBmn071A==",-0.508779297280141,0.440539704469935,0.88498109260724,0.7169770518548,0.0773991200267641,-1.30254988894991,-0.633473369025722,-0.444478591669843
"AX0AY9Nvp+f49aIDJsEDiw==",0.304961961928422,1.10728357330468,0.193090319342989,0.506009091870715,0.568042565121343,-0.710655036383667,-0.518565027686994,-1.5419226479617
"axxJbOJ3dtPZ4/l7w41P/A==",0.11678705473648,0.846629565356708,-0.160961176274185,0.130351317021312,0.944010587145736,0.622202266013874,-0.344341018523175,1.70670215316522
"blzVTMqcltlBEtwwgw454g==",0.533672724912288,0.0426912373666104,-0.685778915650481,0.0157809205185143,0.159898819069387,4.86585551016805,0.244898216961005,0.307337558873069
"bubZGKuJmC6oLxPHzHDU7w==",-0.897337301027053,-0.899240844911838,2.02568540722241,-1.26559322195488,-0.58439391767152,3.70163360401607,0.0355649634849439,0.315448916156601
"c/O5bkiHr36hZynbhlc2/Q==",1.07804421790189,1.10768831074626,-0.442485331332615,0.522693219350229,1.23277144714367,NA,NA,NA
"C0J5ndvkCxZc7VALKLVh/w==",-0.128896109052263,0.10047249673198,-0.517797075636532,0.358401619539636,0.115056449841053,-0.182049408231048,-0.586966896081751,0.24626529346771
"CIcI/Vz3EjPgkPUkyqU5CQ==",-1.98779343654953,-0.592838531789189,-1.57444111821317,-1.30197410642894,-3.58859135818122,2.14024601999001,-0.66992491455122,0.0232408663438445
"daVc1ZBWKY9DRb8o/KPnDA==",0.0702026074394701,-2.46092466885432,0.238740843117693,0.463058818414589,-0.917514431427423,-1.01500046321177,-0.753819956307704,1.32754265028281
"DCOR7AVBDxKcECG4jGzuTw==",0.342250886324647,-0.29101954797574,0.119903929947954,-0.54317557613919,-0.932934026709481,-0.650845472791541,-0.105021877421901,-0.167802081081487
"Dd5lN3lCI+TZca9e0Tbz0Q==",-0.105283309718301,0.536770301341887,0.66718286620983,0.577916201710674,0.23380966293746,0.581308993686436,-0.948532573570361,-0.360264851200056
"DiJ1Vg8jTG33AMbCcNtjvQ==",-1.50848396303182,-1.37297040863781,-1.08024629032555,-1.74614965966431,-2.77671074215192,0.586435724462549,1.32164792334385,-0.230015633630459
"DozZPYUEbe12BgsaDYe5gQ==",-0.957399378530202,0.913123656820944,0.797288894761143,0.0705639630660491,-0.425444515039406,0.163680401503025,-0.495686451323219,0.434534592373848
"E1r58CgDUNDHMR9llM8niw==",-0.37847861049152,0.503412132387904,1.40116432092473,1.01097608410097,0.546657830963481,NA,NA,NA
"E1V794lvto7xdtO9b9E3eA==",0.411236528282469,0.733665660441243,0.0548006504807356,1.25818241988968,-1.38292795665696,3.66210397719216,-0.916502387204287,0.532694470829485
"E44jDuccMJQZdRwyb6IssA==",-0.682761285557372,0.399859078757304,0.590877260150834,-0.43682895633167,0.509839483899757,-0.805962216189874,-0.275330643466685,-0.237850592143873
"EcFkRMqEe/1Q8T79tSUCmA==",0.602439684740968,0.604049432501607,-0.744329448560743,-0.642362895737604,0.976252800906348,NA,NA,NA
"EpSMyOpuE0u9DDmIxUn3rw==",1.16557534917625,1.15086343863619,-0.226910921976213,0.327954939034907,1.03588165382963,NA,NA,NA
"eRQlqWQ9+xNOYDvoAPCelA==",-0.329850574790298,-1.62404104048156,0.0494210463759897,-1.52977740940562,-0.635144336423593,-0.61867061143873,0.0194323779806113,1.09750187950872
"f4EFc6lquBiI5hB0+2ZHOA==",0.447268695177992,0.769289342186421,0.113180742001594,1.39106238276845,-0.0281944502106739,-0.716049113050511,-0.326725975749332,-0.551202087973387
"F6HbtpzhdGZP41+WMakZCA==",0.578914127314827,-0.184215748419087,-0.338999125562027,0.837366928592702,0.764660082102555,-1.02238499069582,-0.279572587016561,-0.140186766391337
"faWdBzbp2fYyoaXGm8dpmQ==",0.0388473890496999,-1.41256878738471,0.281205915225537,-0.62914365932449,-1.31491476320758,-0.662098230285514,0.714893155581134,-0.446360597575449
"feaB7FmCmO7nlWU8b4x3tw==",0.15218004154654,0.484625169305864,2.1580902614338,2.94122598375832,0.470749523504013,0.179559915035935,0.536330655976792,-0.0509441393298744
"FGY2ZthQjRRPJ4MXXBR0Dw==",0.121372598506988,0.944803809132545,0.44348281077464,0.313097507344404,0.596377521234336,-0.282453376294625,-0.140826650083199,-0.699698016856676
"FTcWgqZewOYWi596GJZIvA==",0.810279913911241,1.2331155903136,-0.135636616274973,0.385500393528477,0.67756358275526,-0.869378273542924,-0.323281798646815,-0.613244508641239
"fvBS0rVL0niaXWeUGjlM0w==",-2.77271418847812,-0.108990581262633,0.624921318296346,-0.612692946932304,-1.79900359365315,-0.0284541379794328,-0.345081642247803,-0.621429479300617
"G95aj/d0JkkAKdEcLsQU2Q==",0.850038484118666,0.688856565727664,0.0548758489042516,-0.0406175810971116,0.507970877353688,NA,NA,NA
"gctLJrrr45C1H5neMjpiiw==",1.1597885348971,1.16809081221647,-0.225877909283162,0.313883986968881,1.03566092731997,-0.926830741015204,-0.308002675877105,0.417263986418587
"GFCOEYNPI1YJ441r3vCbGA==",0.591950593785772,0.341799743980497,0.102990577796835,0.655836595546736,0.439263853701994,-0.897413261905817,-0.863270914031303,0.0983538532152167
"gpl7lrsm8qpxNws+IAB6Bg==",0.847121657161086,1.00681740928633,0.0444162303947404,0.813015170320391,1.2425334748084,NA,NA,NA
"gWygnNjLig22h1/XEeBamw==",0.0537180201761972,-0.0249335889162586,-0.9836586410857,0.131543500182483,0.372891339424781,-1.12682228827622,-0.58267961638461,0.169775516278473
"H09HNuKKEhFITjAg1E0bFA==",0.187085562801087,-0.0461850056518031,-0.523762183268601,-0.0576266790448639,0.092037006363432,NA,NA,NA
"H58G8PHbNuhR6dcqUxJvNg==",1.0759349584323,1.12315570450257,-0.214058898610969,0.289057809766643,1.03889537326725,-1.05552082431748,-0.537903716324978,-0.310641849285203
"HebSxZATqqcODklrqU6o4A==",1.0761837425422,1.03925803748719,0.00850428103184269,0.430494670382214,0.921154345416491,-0.121018293988478,-1.3446705418504,1.24909198741507
"hSZ3mx6TAy3SCrx0yY+U0Q==",-1.05237302305348,-1.36333470827014,-0.634526500974306,1.12314044638232,-0.325021720502325,0.905105226472076,-0.428008183894794,-0.0846402598210429
"HvaT3+eDR9W4uX8ugL1cJA==",0.4532548099754,0.740722073561703,0.933767680807255,1.76631322493332,-0.606502166684207,NA,NA,NA
"hWS6dfpr5nEFE1XvLNc4/g==",0.756385934508718,-0.329021118907041,0.316007247995567,-0.0698866508327632,0.512724233221192,1.00812401918598,3.01536617988644,-0.216338824771748
"HxWcbpdnwggyOQxYZAtpOw==",-0.177085613177659,-1.05701162225587,-0.630306643526542,-0.267955308880408,-0.412789315417599,1.46710443447222,3.58588453827906,-0.0510494394112582
"I0tS0sbbfqFJ1rVAN9Awow==",0.4997127085392,0.848528182865622,1.41038416960382,1.10186143485117,0.465886187436477,0.491576099162798,-0.525452223162124,-0.644086784564649
"i8C9ZWSPZpiCztQYp+Qd/A==",-0.517009880569121,-2.13520517706488,-0.133818266112114,-1.93655701311746,-1.01832550994778,0.34929960562282,0.842941568455899,0.32047957731498
"I9rVmxEx6S+bDZ8AaHrIfA==",0.596627632507473,0.155254939318013,-0.541614606156162,-0.69086207473241,0.549238535003459,NA,NA,NA
"Ippxet4ttF0fxwqSN6TOvQ==",-0.315245284109895,-0.305995620708346,-0.703040297098848,0.467463122220155,-0.656356780662212,-0.674671021989932,-0.673354215950685,-0.133913013393338
"iuo6d/35SPh2TeAq7BxL9g==",0.525472716554026,-0.954744585017391,-0.00425806994593177,0.850600959765596,-0.179755970794948,NA,NA,NA
"IVD3XJRHauTk3cd/97BN2Q==",-1.03390101173057,-0.907965735576235,0.208228094988527,-1.40041761212123,-0.767276785688706,NA,NA,NA
"j1sk+925aIu0UlsmzhA1iw==",-1.49161142909945,0.206865545323573,3.04432273796418,1.34543770719677,-0.834256369758099,-1.38481596553923,-0.288382437877894,-0.3559583029381
"jBucXS8ZpVYCK7Fz9bVKHw==",0.700761038165349,1.46190864984139,-0.295608911409386,1.38147797488042,0.948215768787671,-0.711622875836403,-0.427842041515232,-1.40897644277549
"jIyhXyTLmhxKQJz8kTSplA==",0.520492836926354,-0.0170303733000882,0.240722368649283,0.0671952647347635,0.497792432111876,1.02522465451848,0.43942262453698,0.753088112126028
"jJhEj3+PVL43tHR/2J3GTw==",0.523601330558843,0.944440741095302,2.63485737360226,0.50272123818898,0.043144267132721,-0.572001762539616,-0.884630463430929,0.149471083283563
"JmkBSnqXj/NQww7u1I+L5w==",-0.610671446323464,-1.47803833292201,-0.409301085226677,-1.24930424240117,-0.76937803302922,0.751839907063085,-0.605913440796896,0.953322813490419
"k2KHcUUOXFGn+VKdCPFPpg==",-1.3807195153479,-0.762382785431517,0.482012822598388,2.2788713005605,-1.40228744208397,2.64324948726569,1.07039546831982,-2.23669091703569
"kAO41RSsE5Gwv1wkGYOTdA==",-0.403230018318764,-1.84500419131664,-0.0892977629945979,-0.441170543227733,-1.05131391088321,0.961344668435,-0.0246729859720005,0.405089943907067
"KuFiNDysAlHHlnNUa7z01Q==",0.1506011981504,0.138215356781021,-0.0298059633587447,-0.291108526202204,-0.123794962910583,-0.680462613079673,-0.598957551828595,0.388199766869562
"LEgOjCzBwP2zG25J9D7jwg==",0.860967782852674,1.0914601858657,-0.180694094077082,0.212636982627572,0.456548062873251,-0.729306123222803,-0.0635548029674467,-0.260398456936292
"LJV9W1TdJeN3MHXfb7Htxw==",-2.05070935640939,-1.45303021234025,0.320710735119601,-0.679988007454569,-1.26468238708859,NA,NA,NA
"lrClHBwlHBwLaapFx+2xcA==",0.661122218008326,-0.557843690940473,0.427219190414077,-1.11853193203082,0.513831933546356,NA,NA,NA
"m3xYSrNlSU/We5JcEsu4Vw==",-1.7223616323133,-2.02144028940872,0.742346387301389,-1.00169734393589,-0.667641911113795,0.524346289249861,-0.742249547569526,0.284945215708042
"m8AbX1qLNIeES52gMn2Lqw==",0.543658537346936,0.831949564253408,0.737288032995356,0.575363717470289,0.552747460585648,0.975119914725557,-0.484181441708831,-0.165243314189509
"mmh0P8cnqr5fLlt5rM4QrQ==",0.479620461670353,0.00831887190475699,-0.492452267101469,-0.552504034887821,0.19491092039506,-1.02045429822708,-0.0301826540286888,-0.408178553817626
"mnATeJ+VByEACXz86aM5NQ==",0.657942822890209,0.299516807841998,-0.503919487408989,0.489981067810371,0.34170477878111,-0.399580999732678,-0.648375447435105,0.430324262320232
"MXxASkXBPmpeqmi7fR6mBA==",-0.875372135973172,-1.25296436912538,0.916932007563975,-0.102786636762928,-0.459465343077523,NA,NA,NA
"Nc7FwSCqrJ1KgpyjtvrcUg==",0.658159342921588,0.702597004332614,-0.186149546542652,0.064360630314173,0.716680337797876,-0.752339850642658,-0.594905183156589,-0.541602287426386
"NdPt6pXymIZ41RFKWscggQ==",-0.0138843525566005,-0.375021218270539,0.400543893831982,-0.364513153875371,-0.0565651460321815,0.706034927290832,-0.574661941935448,-0.311576618666593
"NIQpKWHYMwzyYAH3rCNGkA==",-0.154094998649526,0.364102382670754,1.02370756001645,0.04776603189631,0.796843001985069,-0.20799602256917,-0.0700292487954859,-0.2299183923245
"nMCNsfBneUWqHBVJ5lm/TA==",-0.389184812385167,1.14658909995924,-0.0535117314037874,0.985399475086352,0.580092544937355,NA,NA,NA
"NTQ4GmkooEngemPzImlt8g==",0.433149386865854,0.778494070117366,1.29791947985781,0.0298409382101487,0.190871728685752,-1.30423987306554,0.968154815304644,0.318966644514279
"nZbOgAf+pwHUFY4j2VAPlw==",0.3597572154953,0.163401284428169,-0.84387535710646,-0.153138034637708,0.343347172693244,-1.03703506231333,-0.498098429370883,-0.196639285624235
"OEbweM75Sror5iuoX6gv/w==",1.13383210578578,0.45305411297903,1.03390848860581,0.891700845222183,0.877659458341961,0.101659076082078,0.468390147080407,-0.0579990180977392
"olBmx7e+EjMlriX/X3SASg==",-3.4474605680497,-0.15741638228005,-0.0786016995934517,-1.4616506075944,-0.247151297625269,0.42765052603717,2.93595177688713,0.249062169602554
"OLVTvOX2QX1DUDyVZfO9aw==",0.820732142613762,0.38157953164898,-0.111411536549524,-0.036464021800742,0.461462444875234,-1.31161322848012,0.708136006712404,0.0709625160840096
"OmuCWq25bEMfWacAny7FGw==",0.47077987781824,-0.188950007239242,0.843527475708969,-0.81142417730768,0.355169798031504,-0.566523866968745,0.193387762050895,0.835543678014296
"on3usN3l3RwwH0Y3TAT3gg==",-0.837637671776885,-2.07105396429501,0.0957449583878871,-1.0195289422157,-1.06478385155237,NA,NA,NA
"oo0/Xh7gM2GZEIq12sGVvA==",-0.801191120183354,0.270408545555199,-0.222068375277978,0.188619825946797,0.341919973472809,0.0575819026523651,2.24039837722792,0.185679636304028
"ow5vs+K4RU5D5enQoXISFg==",0.741654280476035,0.568963094807551,-0.262238314598937,-0.0770069052721249,0.553063935851253,-1.29682216592024,1.27457325842035,1.03419235592708
"owKYfKq3v6wS+0lz4qHCqQ==",0.451976753557058,0.874182980498572,0.213376184143166,0.859895926117279,0.126413980975572,-1.12321484650145,-0.319204130641817,-1.57916922626583
"oxZzhp6OtNA9bHyWxz0qfw==",0.126621586134741,0.241218512234984,-0.52555981754394,-0.139117076099853,-0.0489198128940387,0.334138445919081,-0.525451954452082,-0.19485634784402
"p5yBs0H8UlaEkaipYkkjaw==",0.0931523061593356,0.31355362347378,-1.6558718991558,1.16009837434514,-0.608580955438822,-0.903034385949304,0.749625426299823,-0.386973203996962
"Q2zq9sfFb6KoM0vJtTZdsg==",1.019428780269,0.653410887282288,0.811392432127237,-0.10756140700604,0.792582220021997,-0.960572371061288,-1.36349132839213,1.81705822961241
"qI1kTUdp/EZTodl0xOBdCQ==",-2.8921137844635,-0.807065344347749,-3.37191231603572,-3.67036671355733,-3.45117857933235,-1.03552520379909,-0.872800422613084,0.745795415199722
"qKjZaHwBdMdrJy2MRDoZlA==",0.847400978085953,0.137038888402749,0.0337836451519612,-0.100757873323328,0.125903298221874,0.903584024627795,-0.777398261313002,-0.169267817451985
"Qo9etRFOhjN5FLI3L5iWUw==",0.519782423335484,-1.32649559060233,-1.22023780298709,-2.41535741819031,-0.791179099499102,-0.840183835417149,3.11593805281403,0.842967184107175
"qrDy60xnWntmJ73DoCYyFQ==",-0.49900985279174,0.00867026544368246,-0.462786642746945,1.01301598090335,-0.128921193215069,0.169564183598552,-0.40491977848589,-0.0575186181751275
"QxKPRgHAnMYYkt4GDv7N6A==",0.200577159791243,-0.863596258315102,0.674905440849156,0.386924689939852,-0.0380446686009007,NA,NA,NA
"QYd/Tw04aPsBQuaQV8nK3w==",1.11107995272518,1.15398190416843,-0.347296049373479,0.282490220165509,0.891352526318119,-0.301755679541237,0.812463325391938,-0.720987499273321
"r3O2aBQ3Zums0AUYHAXE8A==",0.00404353895091866,0.188769322758184,-0.734029349849341,0.403414859566131,0.073271967409064,-1.03023503683614,-0.490421153977218,-0.30931603879724
"r6lFSn+B5R2of3Anf4fyPA==",0.472235783273414,-0.745046232055242,-0.269394616007169,0.435549369821997,0.403690198591902,0.736212164860834,-0.35212783294063,1.40155056024458
"rdE2NY/Xiee8F771m4dLvA==",-0.389933405452452,-0.329121281661491,0.669696917047071,-0.121102246267168,-0.288364567474498,NA,NA,NA
"REYFuiISYyOv9r1fed+Q4g==",0.635067078891052,0.150913202886685,0.506211007116272,0.107526411094684,0.220862871851575,0.0971014910779067,-0.473776824061543,1.44067342164335
"Rflil/mvR3+irWuccpthlw==",0.603438313066681,-1.04388780659726,-2.18746967572709,0.945928403529425,0.532853594452679,0.724328205791724,1.40111615730718,0.683883980291439
"rlKecudd867Wvks6Snc55w==",-3.67659201902849,-0.453742332159934,-0.475072174292632,-0.99846730676722,-2.02276936881425,-1.22308241978422,-0.418877186614814,-1.89085936013308
"RQKFrGWekVTroPjXfenNrA==",-0.068871285053738,-2.91005312663402,-0.679597336892192,-1.77314098338927,-0.570716456532564,-0.534061970037945,-0.327630841411278,-0.38023312068255
"RsHMQv6G/nt9b36jLajEbw==",1.17947527957178,0.751722042930841,2.8147176967512,0.935585734425885,0.86362790989814,0.734861025803343,-0.807246088912115,0.107244415725817
"RtidA6ebEsHRhXJxcVTW1Q==",0.526431786511027,0.806572616636974,-0.310537366101459,1.26874104119027,0.630559375612984,-0.812123479638476,0.268680987594838,-0.326887791373243
"RVZ1zCJQQi2/YptphVcq2g==",0.527198538195112,0.560876414351303,-1.19773603760815,0.765220061093742,0.808511709465947,-0.319002974223328,-0.169628629533879,-0.669390975956899
"S0btUtGejQwVSWMHUT8+DQ==",-0.347733669564665,-0.633677688219266,-1.11091691639501,-0.832266968788624,0.0562352126083607,0.277842195223023,2.08397838166177,0.250107958552506
"S7MmHaoJeyMzKqk9GosbHA==",0.25846074709819,0.566928257521878,0.17770092283976,0.0382178611129103,1.15180176037726,NA,NA,NA
"s8AhC7+CUIKpYE62qhouOQ==",-2.19910401033482,-0.486202663077435,0.0319242323995897,-1.49400019774185,-0.946345790518656,NA,NA,NA
"SjpGaZMXskIdoFhJaUxneA==",-0.375851916926667,-0.52867642233681,-0.326884621316612,-0.612542255910904,-0.0508148911914517,0.0102597432348771,-0.185258500481148,1.34493290348049
"SsBFe1bYb+Kly8m9cuoyUg==",0.783309143635375,1.08526709281735,0.204740729415767,0.37676148749277,0.672425386869704,-1.02088792152104,1.23940291359233,-0.464428908231062
"StXQfHnPyZJ/IwAKLl8ejw==",0.094801104739231,0.219519766050354,-2.32606689811797,0.785359654032127,0.719286759979923,0.585478785724696,-0.478434503341763,0.0527208900262391
"TASuTbVqhzlTiBERPufk6Q==",-0.00771473783311911,-0.611414854497194,0.805458947946183,-1.06648341531992,0.504776120951636,NA,NA,NA
"TDP/7AJJfS7yqIIKrZ8jww==",-0.815794641055501,-1.77966882725307,-0.84702073716978,-3.37839406711536,-2.61477208628217,-0.0113632183597777,0.479543670919945,0.69575856302904
"tgPN7ZyH2Ai5Ui27Ukmc1g==",0.937878652223396,0.477660127672001,0.0468997312195151,-0.286823493308496,0.290732820977256,0.330522598148398,0.479484919853374,-1.00439727537733
"tJaN2qq22ERUvgvU0UZohA==",0.771761878644204,0.197771375371043,-0.517687630217094,-0.587881204479506,0.515063183539047,NA,NA,NA
"tLovfmcQG+JsB09csuL1SA==",-0.641277518541665,-0.326117033936661,-0.895676779094675,-0.623281991002112,0.151852725367615,-1.07767087086742,-0.599368170030618,0.289195064176231
"tQxM8sr58opXFXXhW93zvQ==",1.39319235125038,0.978671055219994,-0.183260889636621,1.19642624883639,1.16150172341127,NA,NA,NA
"tRvJvYcbiGgGf4d/hiQYzA==",0.0888025556894296,0.369754595888936,-0.398225073103063,-0.889648995783658,0.0835714190703391,NA,NA,NA
"TwJeAvsSH+Ip6vbpTsu+VA==",0.546964805620895,0.234659121499754,-0.879109676813809,-0.363328129493482,0.327236273252429,-0.381366529433483,-0.763397620515711,-0.0525609953192267
"tX1jGKPU3jawz7te/BoUig==",0.524323017196246,0.241028854313176,-0.221237796331185,0.192312306436315,0.570736114712166,-0.419693997945255,-0.363461377106337,0.191466236344777
"TybTexLDybDzF3RpP7kK0Q==",0.861329258709548,0.282693763316847,-0.447390669387014,0.51310342644881,0.60474607722489,-0.797759999660609,-0.868748989347913,0.224691313061969
"ui5H4PSnRtV6jdfR+rctbw==",-1.44374825248398,0.741483651239021,1.20470820948797,0.354074109780603,0.201692146470173,3.40090754598693,0.232667065284874,0.0453557296124157
"UigklUMs/j7NpwdkKeb69w==",1.08698956717735,1.15032773604559,-0.277821812617349,0.157034402760039,0.89217782443112,-0.0274339981358471,0.114177180059457,0.276385764607985
"UjVFC49iZ7+7jBFjDsWc9Q==",0.961322545282751,-0.287912031873919,-0.764296426886686,-0.232026638862799,0.556225571865978,NA,NA,NA
"UMj0BlHF3+bZF8Q6dRHcFw==",-1.13851759551202,-1.5504358490939,1.27243314615375,-1.14697072106572,-2.39545202083582,0.236973934625616,-0.322339722256107,0.213468750595859
"UscntpvsB7RRWsZZ0yUexA==",-0.00354429412078153,0.736004174140963,-0.0651846685926254,1.30074655670817,-0.271250925476986,-1.12744943600892,-0.177392991588855,-0.169071736592646
"USueN+XEx6BBvqbyNzyOZA==",0.0254412674778289,0.973868781801961,0.479683003327,1.08227750894641,0.301810009860526,NA,NA,NA
"V10B4b8LZg7TiZJcf16wDQ==",-0.123185430947935,-0.589848851549672,-0.85025226114409,-0.0972202764197184,-0.543265353409674,NA,NA,NA
"Vhi3vfZrQunMqaYv50tUUw==",-0.752438345338126,-0.344071992382428,0.0896463244902343,-1.4604230816872,-1.41513124415977,NA,NA,NA
"VLwIfjNIWtnSR4zEfx3XbQ==",0.636310818151341,-0.391563991865376,0.381342190561375,-0.479172943229495,0.926334267910872,NA,NA,NA
"VOHnz4BaVIPot6gCtxoVWw==",0.13307281832733,0.18438965342522,0.316382894586771,-0.0807033372800334,-0.869258121936304,-0.90093533734872,0.0687807122561008,-0.363060491336619
"vwwHBIlcMDTluXgEJWo8YA==",0.13872870728048,0.149112729802886,-0.191450583105574,1.27107357062368,0.322757300005339,1.05373760371666,0.243979795560971,0.253685704226794
"vXS0FgXf7t975uSZ0W15rA==",-0.151302632120167,0.150231162514633,-0.746306437773935,-1.33664038371689,0.0151351900202975,1.82353018868196,0.308660328767582,-0.55616512780865
"W+BA6XaOcGmjxh2UCtwGcg==",-0.328109596018644,-0.85697797975421,0.333647838208286,-0.46833690016744,-0.311250266228589,1.36402866772717,0.309142188499102,0.141356002236686
"W9HTtCqPeXhV8Pb7uRWE3A==",0.838602107365025,0.0379064018946656,0.0871834247979565,-0.242414271350567,0.791944026503973,NA,NA,NA
"WazR7mlfry1zpCsAXBcJlw==",-1.00919181382439,-1.2037945228251,-0.657833312216405,-0.272390813654845,-0.310830807207658,-1.01915318340406,0.0361788791306416,-0.495664757679928
"wDV+/valFL3Bh3W7Xhx+Pw==",0.960542020554317,0.299214350318105,0.56887783755756,-0.0100949778999595,0.502068259692225,0.00826103711764534,-0.80245260739289,0.678168606568484
"wEoPUbhzMTDhuwmjawywPg==",0.4427137158542,0.0382709549127734,0.0124936055995762,-0.433585740703966,0.884834046891956,-0.740923330272969,-0.656197107285694,-0.244308542371666
"WMmiYbmd3UyoZe1XSh4STg==",-0.290416708719853,0.747631316371514,1.14732853090267,0.922753775473664,0.470915415276027,NA,NA,NA
"Wq+eNHNHgqr4sUONI2buKQ==",0.342016015499554,-1.14394823060106,-0.746702246227324,0.000897910387670155,0.461744505445536,0.23809426057427,-0.505749361512349,-0.625042588160487
"x3NPgUgMb6qz+SCg4gd8bA==",-1.81826082842951,-0.0359934295729438,3.03966150386828,1.9492500968011,-0.830398155980378,NA,NA,NA
"xe2guch9QBFPiwZq23FEIg==",0.34757024322147,0.556857867657812,-0.00526145755170713,0.195675486163352,0.140556186057295,-0.522502936163567,-0.824556664086459,1.87300197744124
"xKVne2qI1chs9c4ZCp/ShA==",0.851607793915906,0.453063243754303,0.167056714916739,0.11431427682659,0.319027328924707,NA,NA,NA
"XUo/sImY1NarGASjDEWDJQ==",0.390171971234173,0.334512091609127,0.0291655114277311,-0.0789924320383156,0.0576706934902651,-0.967471495674352,-0.483445173708023,-0.479107341582124
"ylTKX00Br1NQKjKiqGpnHw==",1.00329227108738,1.19482686485585,-0.196488771108325,0.384192770360212,0.968690840401159,0.546766584262797,-0.262963057493154,-0.0881246356523084
"yPqqwTieq5Jqhd02jrBQQA==",-0.492417430173778,-3.18050171896109,-1.71978101533053,-0.549329292714588,-0.76943714572398,-0.258729724573503,0.0864238464480859,-0.169714620618035
"YR1ztHKxSD5s7YwFWtlbfg==",1.12252732995015,-0.827125671410953,-0.444042921623812,0.449418155926448,0.729538319953622,NA,NA,NA
"z0zlmUu4is0RagKWp/Nb1g==",-0.482450608314231,-0.535628079146117,-0.897396096809563,-0.742694404817086,-0.279303246725375,0.68027384631586,-0.732491561251637,-0.521335708952369
"ZBmCt8juqRDgVOOAlXZfww==",0.756323781451633,-0.167627935221231,-1.03482826247112,0.47157815156834,0.647833426544153,0.516386277785472,2.72178906096123,0.463233915485386
"ZiNru1jFzufz8UIwAFXR9g==",-0.800232498941638,-0.621022349275552,0.248633406071969,-1.11248072951973,0.00452061005339001,-0.162440801406365,-0.710557216686874,1.1787567959979
"zmHWLtlE536PRsYZ3IjQ6Q==",0.168937073139846,-1.86680182078537,-0.561856413959476,-1.41936659648579,-0.0632042414671675,-0.07833018013402,0.742964705808994,-0.502843838712487
"Znas5lFnktJ8DuLSMQO5rQ==",-0.451709357887014,-0.0621888800127464,0.261438386814983,-0.250736338653768,-0.681209777911522,0.97612972048255,-0.428084403643999,0.0119659094149716
